surface,hd_R,lambda_norm
plane,1.1486,0.1176
plane,1.1562,0.1231
plane,1.1639,0.1296
plane,1.1715,0.1351
plane,1.1791,0.1394
plane,1.1867,0.1438
plane,1.1944,0.1492
plane,1.2020,0.1558
plane,1.2096,0.1612
plane,1.2172,0.1678
plane,1.2248,0.1710
plane,1.2325,0.1743
plane,1.2401,0.1808
plane,1.2477,0.1841
plane,1.2553,0.1885
plane,1.2630,0.1928
plane,1.2706,0.2004
plane,1.2782,0.2048
plane,1.2858,0.2102
plane,1.2934,0.2135
plane,1.3011,0.2168
plane,1.3087,0.2200
plane,1.3163,0.2277
plane,1.3239,0.2320
plane,1.3316,0.2353
plane,1.3392,0.2397
plane,1.3468,0.2440
plane,1.3544,0.2484
plane,1.3620,0.2505
plane,1.3697,0.2549
plane,1.3773,0.2593
plane,1.3849,0.2636
plane,1.3925,0.2658
plane,1.4002,0.2691
plane,1.4078,0.2723
plane,1.4154,0.2756
plane,1.4230,0.2789
plane,1.4306,0.2821
plane,1.4383,0.2854
plane,1.4459,0.2887
plane,1.4535,0.2930
plane,1.4611,0.2963
plane,1.4688,0.2996
plane,1.4764,0.3028
plane,1.4840,0.3083
plane,1.4916,0.3105
plane,1.4992,0.3126
plane,1.5069,0.3170
plane,1.5145,0.3181
plane,1.5221,0.3224
plane,1.5297,0.3246
plane,1.5373,0.3257
plane,1.5450,0.3301
plane,1.5526,0.3333
plane,1.5602,0.3344
plane,1.5678,0.3388
plane,1.5755,0.3431
plane,1.5831,0.3464
plane,1.5907,0.3486
plane,1.5983,0.3529
plane,1.6059,0.3562
plane,1.6136,0.3584
plane,1.6212,0.3617
plane,1.6288,0.3638
plane,1.6364,0.3638
plane,1.6441,0.3649
plane,1.6517,0.3671
plane,1.6593,0.3704
plane,1.6669,0.3747
plane,1.6745,0.3780
plane,1.6822,0.3813
plane,1.6898,0.3834
plane,1.6974,0.3867
plane,1.7050,0.3878
plane,1.7127,0.3911
plane,1.7203,0.3911
plane,1.7279,0.3943
plane,1.7355,0.3965
plane,1.7431,0.3987
plane,1.7508,0.4009
plane,1.7584,0.4041
plane,1.7660,0.4063
plane,1.7736,0.4085
plane,1.7812,0.4107
plane,1.7889,0.4129
plane,1.7965,0.4161
plane,1.8041,0.4183
plane,1.8117,0.4205
plane,1.8194,0.4237
plane,1.8270,0.4248
plane,1.8346,0.4270
plane,1.8422,0.4303
plane,1.8498,0.4325
plane,1.8575,0.4346
plane,1.8651,0.4357
plane,1.8727,0.4368
plane,1.8803,0.4390
plane,1.8880,0.4412
plane,1.8956,0.4434
plane,1.9032,0.4455
plane,1.9108,0.4477
plane,1.9184,0.4499
plane,1.9261,0.4510
plane,1.9337,0.4521
plane,1.9413,0.4553
plane,1.9489,0.4564
plane,1.9566,0.4575
plane,1.9642,0.4597
plane,1.9718,0.4619
plane,1.9794,0.4630
plane,1.9870,0.4673
plane,1.9947,0.4684
plane,2.0023,0.4695
plane,2.0099,0.4728
plane,2.0175,0.4760
plane,2.0252,0.4782
plane,2.0328,0.4793
plane,2.0404,0.4815
plane,2.0480,0.4815
plane,2.0556,0.4826
plane,2.0633,0.4837
plane,2.0709,0.4880
plane,2.0785,0.4902
plane,2.0861,0.4913
plane,2.0938,0.4935
plane,2.1014,0.4935
plane,2.1090,0.4956
plane,2.1166,0.4978
plane,2.1242,0.5000
plane,2.1319,0.5011
plane,2.1395,0.5033
plane,2.1471,0.5054
plane,2.1547,0.5065
plane,2.1623,0.5076
plane,2.1700,0.5098
plane,2.1776,0.5109
plane,2.1852,0.5120
plane,2.1928,0.5131
plane,2.2005,0.5142
plane,2.2081,0.5142
plane,2.2157,0.5174
plane,2.2233,0.5196
plane,2.2309,0.5207
plane,2.2386,0.5240
plane,2.2462,0.5261
plane,2.2538,0.5272
plane,2.2614,0.5272
plane,2.2691,0.5272
plane,2.2767,0.5305
plane,2.2843,0.5327
plane,2.2919,0.5338
plane,2.2995,0.5349
plane,2.3072,0.5359
plane,2.3148,0.5381
plane,2.3224,0.5381
plane,2.3300,0.5381
plane,2.3377,0.5392
plane,2.3453,0.5414
plane,2.3529,0.5458
plane,2.3605,0.5479
plane,2.3681,0.5479
plane,2.3758,0.5479
plane,2.3834,0.5490
plane,2.3910,0.5501
plane,2.3986,0.5523
plane,2.4062,0.5534
plane,2.4139,0.5545
plane,2.4215,0.5566
plane,2.4291,0.5566
plane,2.4367,0.5577
plane,2.4444,0.5599
plane,2.4520,0.5621
plane,2.4596,0.5632
plane,2.4672,0.5643
plane,2.4748,0.5643
plane,2.4825,0.5654
plane,2.4901,0.5664
plane,2.4977,0.5675
plane,2.5053,0.5697
plane,2.5130,0.5719
plane,2.5206,0.5752
plane,2.5282,0.5773
plane,2.5358,0.5773
plane,2.5434,0.5752
plane,2.5511,0.5752
plane,2.5587,0.5773
plane,2.5663,0.5795
plane,2.5739,0.5817
plane,2.5816,0.5817
plane,2.5892,0.5817
plane,2.5968,0.5839
plane,2.6044,0.5861
plane,2.6120,0.5882
plane,2.6197,0.5893
plane,2.6273,0.5893
plane,2.6349,0.5893
plane,2.6425,0.5904
plane,2.6502,0.5926
plane,2.6578,0.5948
plane,2.6654,0.5948
plane,2.6730,0.5969
plane,2.6806,0.5969
plane,2.6883,0.5969
plane,2.6959,0.5969
plane,2.7035,0.5991
plane,2.7111,0.5991
plane,2.7188,0.6002
plane,2.7264,0.6013
plane,2.7340,0.6035
plane,2.7416,0.6057
plane,2.7492,0.6068
plane,2.7569,0.6068
plane,2.7645,0.6078
plane,2.7721,0.6100
plane,2.7797,0.6100
plane,2.7873,0.6111
plane,2.7950,0.6111
plane,2.8026,0.6133
plane,2.8102,0.6144
plane,2.8178,0.6155
plane,2.8255,0.6176
plane,2.8331,0.6198
plane,2.8407,0.6198
plane,2.8483,0.6187
plane,2.8559,0.6209
plane,2.8636,0.6231
plane,2.8712,0.6231
plane,2.8788,0.6231
plane,2.8864,0.6231
plane,2.8941,0.6231
plane,2.9017,0.6242
plane,2.9093,0.6253
plane,2.9169,0.6264
plane,2.9245,0.6285
plane,2.9322,0.6307
plane,2.9398,0.6318
plane,2.9474,0.6318
plane,2.9550,0.6307
plane,2.9627,0.6318
plane,2.9703,0.6318
plane,2.9779,0.6340
plane,2.9855,0.6362
plane,2.9931,0.6373
plane,3.0008,0.6383
plane,3.0084,0.6383
plane,3.0160,0.6383
plane,3.0236,0.6405
plane,3.0312,0.6416
plane,3.0389,0.6416
plane,3.0465,0.6416
plane,3.0541,0.6427
plane,3.0617,0.6416
plane,3.0694,0.6416
plane,3.0770,0.6438
plane,3.0846,0.6460
plane,3.0922,0.6471
plane,3.0998,0.6481
plane,3.1075,0.6481
plane,3.1151,0.6492
plane,3.1227,0.6503
plane,3.1303,0.6514
plane,3.1380,0.6525
plane,3.1456,0.6536
plane,3.1532,0.6536
plane,3.1608,0.6525
plane,3.1684,0.6536
plane,3.1761,0.6536
plane,3.1837,0.6569
plane,3.1913,0.6580
plane,3.1989,0.6590
plane,3.2066,0.6612
plane,3.2142,0.6612
plane,3.2218,0.6612
plane,3.2294,0.6601
plane,3.2370,0.6601
plane,3.2447,0.6601
plane,3.2523,0.6623
plane,3.2599,0.6645
plane,3.2675,0.6656
plane,3.2752,0.6656
plane,3.2828,0.6667
plane,3.2904,0.6678
plane,3.2980,0.6688
plane,3.3056,0.6699
plane,3.3133,0.6688
plane,3.3209,0.6710
plane,3.3285,0.6721
plane,3.3361,0.6732
plane,3.3438,0.6732
plane,3.3514,0.6732
plane,3.3590,0.6732
plane,3.3666,0.6732
plane,3.3742,0.6765
plane,3.3819,0.6776
plane,3.3895,0.6776
plane,3.3971,0.6776
plane,3.4047,0.6786
plane,3.4123,0.6786
plane,3.4200,0.6797
plane,3.4276,0.6786
plane,3.4352,0.6797
plane,3.4428,0.6797
plane,3.4505,0.6830
plane,3.4581,0.6830
plane,3.4657,0.6841
plane,3.4733,0.6830
plane,3.4809,0.6819
plane,3.4886,0.6841
plane,3.4962,0.6852
plane,3.5038,0.6852
plane,3.5114,0.6841
plane,3.5191,0.6841
plane,3.5267,0.6863
plane,3.5343,0.6885
plane,3.5419,0.6906
plane,3.5495,0.6917
plane,3.5572,0.6917
plane,3.5648,0.6917
plane,3.5724,0.6928
plane,3.5800,0.6928
plane,3.5877,0.6928
plane,3.5953,0.6939
plane,3.6029,0.6939
plane,3.6105,0.6950
plane,3.6181,0.6950
plane,3.6258,0.6950
plane,3.6334,0.6972
plane,3.6410,0.6972
plane,3.6486,0.6972
plane,3.6562,0.6993
plane,3.6639,0.7004
plane,3.6715,0.7015
plane,3.6791,0.7015
plane,3.6867,0.7026
plane,3.6944,0.7015
plane,3.7020,0.7015
plane,3.7096,0.7015
plane,3.7172,0.7026
plane,3.7248,0.7037
plane,3.7325,0.7048
plane,3.7401,0.7070
plane,3.7477,0.7102
plane,3.7553,0.7102
plane,3.7630,0.7102
plane,3.7706,0.7102
plane,3.7782,0.7102
plane,3.7858,0.7124
plane,3.7934,0.7113
plane,3.8011,0.7092
plane,3.8087,0.7081
plane,3.8163,0.7102
plane,3.8239,0.7102
plane,3.8316,0.7124
plane,3.8392,0.7135
plane,3.8468,0.7146
plane,3.8544,0.7146
plane,3.8620,0.7135
plane,3.8697,0.7135
plane,3.8773,0.7146
plane,3.8849,0.7157
plane,3.8925,0.7168
plane,3.9002,0.7190
plane,3.9078,0.7200
plane,3.9154,0.7200
plane,3.9230,0.7200
plane,3.9306,0.7200
plane,3.9383,0.7200
plane,3.9459,0.7200
plane,3.9535,0.7200
plane,3.9611,0.7211
plane,3.9688,0.7222
plane,3.9764,0.7211
plane,3.9840,0.7211
plane,3.9916,0.7222
plane,3.9992,0.7233
plane,4.0069,0.7255
plane,4.0145,0.7255
plane,4.0221,0.7233
plane,4.0297,0.7244
plane,4.0373,0.7255
plane,4.0450,0.7266
plane,4.0526,0.7266
plane,4.0602,0.7266
plane,4.0678,0.7277
plane,4.0755,0.7288
plane,4.0831,0.7309
plane,4.0907,0.7309
plane,4.0983,0.7320
plane,4.1059,0.7320
plane,4.1136,0.7320
plane,4.1212,0.7320
plane,4.1288,0.7320
plane,4.1364,0.7331
plane,4.1441,0.7331
plane,4.1517,0.7320
plane,4.1593,0.7320
plane,4.1669,0.7331
plane,4.1745,0.7342
plane,4.1822,0.7342
plane,4.1898,0.7364
plane,4.1974,0.7364
plane,4.2050,0.7353
plane,4.2127,0.7375
plane,4.2203,0.7375
plane,4.2279,0.7375
plane,4.2355,0.7375
plane,4.2431,0.7375
plane,4.2508,0.7386
plane,4.2584,0.7418
plane,4.2660,0.7418
plane,4.2736,0.7418
plane,4.2812,0.7407
plane,4.2889,0.7418
plane,4.2965,0.7429
plane,4.3041,0.7418
plane,4.3117,0.7418
plane,4.3194,0.7429
plane,4.3270,0.7440
plane,4.3346,0.7462
plane,4.3422,0.7473
plane,4.3498,0.7473
plane,4.3575,0.7473
plane,4.3651,0.7462
plane,4.3727,0.7462
plane,4.3803,0.7462
plane,4.3880,0.7462
plane,4.3956,0.7484
plane,4.4032,0.7484
plane,4.4108,0.7495
plane,4.4184,0.7495
plane,4.4261,0.7505
plane,4.4337,0.7516
plane,4.4413,0.7527
plane,4.4489,0.7516
plane,4.4566,0.7505
plane,4.4642,0.7505
plane,4.4718,0.7505
plane,4.4794,0.7516
plane,4.4870,0.7527
plane,4.4947,0.7549
plane,4.5023,0.7538
plane,4.5099,0.7538
plane,4.5175,0.7538
plane,4.5252,0.7538
plane,4.5328,0.7560
plane,4.5404,0.7560
plane,4.5480,0.7549
plane,4.5556,0.7560
plane,4.5633,0.7571
plane,4.5709,0.7549
plane,4.5785,0.7549
plane,4.5861,0.7560
plane,4.5938,0.7571
plane,4.6014,0.7593
plane,4.6090,0.7603
plane,4.6166,0.7603
plane,4.6242,0.7603
plane,4.6319,0.7603
plane,4.6395,0.7603
plane,4.6471,0.7582
plane,4.6547,0.7593
plane,4.6623,0.7625
plane,4.6700,0.7625
plane,4.6776,0.7636
plane,4.6852,0.7636
plane,4.6928,0.7636
plane,4.7005,0.7636
plane,4.7081,0.7636
plane,4.7157,0.7636
plane,4.7233,0.7636
plane,4.7309,0.7636
plane,4.7386,0.7647
plane,4.7462,0.7647
plane,4.7538,0.7658
plane,4.7614,0.7647
plane,4.7691,0.7636
plane,4.7767,0.7636
plane,4.7843,0.7658
plane,4.7919,0.7669
plane,4.7995,0.7680
plane,4.8072,0.7680
plane,4.8148,0.7691
plane,4.8224,0.7691
plane,4.8300,0.7691
plane,4.8377,0.7691
plane,4.8453,0.7712
plane,4.8529,0.7723
plane,4.8605,0.7734
plane,4.8681,0.7723
plane,4.8758,0.7712
plane,4.8834,0.7712
plane,4.8910,0.7712
plane,4.8986,0.7712
plane,4.9062,0.7723
plane,4.9139,0.7723
plane,4.9215,0.7723
plane,4.9291,0.7723
plane,4.9367,0.7723
plane,4.9444,0.7745
plane,4.9520,0.7745
plane,4.9596,0.7756
plane,4.9672,0.7767
plane,4.9748,0.7756
plane,4.9825,0.7756
plane,4.9901,0.7756
plane,4.9977,0.7756
plane,5.0053,0.7767
plane,5.0130,0.7789
plane,5.0206,0.7789
plane,5.0282,0.7789
plane,5.0358,0.7789
plane,5.0434,0.7778
plane,5.0511,0.7789
plane,5.0587,0.7800
plane,5.0663,0.7810
plane,5.0739,0.7810
plane,5.0816,0.7832
plane,5.0892,0.7832
plane,5.0968,0.7832
plane,5.1044,0.7810
plane,5.1120,0.7810
plane,5.1197,0.7810
plane,5.1273,0.7832
plane,5.1349,0.7843
plane,5.1425,0.7854
plane,5.1502,0.7843
plane,5.1578,0.7843
plane,5.1654,0.7843
plane,5.1730,0.7832
plane,5.1806,0.7832
plane,5.1883,0.7832
plane,5.1959,0.7832
plane,5.2035,0.7832
plane,5.2111,0.7832
plane,5.2188,0.7843
plane,5.2264,0.7854
plane,5.2340,0.7865
plane,5.2416,0.7876
plane,5.2492,0.7876
plane,5.2569,0.7865
plane,5.2645,0.7865
plane,5.2721,0.7876
plane,5.2797,0.7876
plane,5.2873,0.7887
plane,5.2950,0.7887
plane,5.3026,0.7887
plane,5.3102,0.7887
plane,5.3178,0.7898
plane,5.3255,0.7898
plane,5.3331,0.7898
plane,5.3407,0.7908
plane,5.3483,0.7908
plane,5.3559,0.7908
plane,5.3636,0.7919
plane,5.3712,0.7919
plane,5.3788,0.7919
plane,5.3864,0.7919
plane,5.3941,0.7908
plane,5.4017,0.7908
plane,5.4093,0.7930
plane,5.4169,0.7941
plane,5.4245,0.7963
plane,5.4322,0.7963
plane,5.4398,0.7963
plane,5.4474,0.7963
plane,5.4550,0.7963
plane,5.4627,0.7952
plane,5.4703,0.7941
plane,5.4779,0.7952
plane,5.4855,0.7952
plane,5.4931,0.7963
plane,5.5008,0.7963
plane,5.5084,0.7941
sphere,1.0343,0.0479
sphere,1.0419,0.0501
sphere,1.0495,0.0534
sphere,1.0572,0.0577
sphere,1.0648,0.0632
sphere,1.0724,0.0708
sphere,1.0800,0.0773
sphere,1.0877,0.0850
sphere,1.0953,0.0904
sphere,1.1029,0.0948
sphere,1.1105,0.1035
sphere,1.1181,0.1068
sphere,1.1258,0.1133
sphere,1.1334,0.1209
sphere,1.1410,0.1285
sphere,1.1486,0.1351
sphere,1.1562,0.1416
sphere,1.1639,0.1471
sphere,1.1715,0.1525
sphere,1.1791,0.1580
sphere,1.1867,0.1645
sphere,1.1944,0.1699
sphere,1.2020,0.1732
sphere,1.2096,0.1786
sphere,1.2172,0.1841
sphere,1.2248,0.1885
sphere,1.2325,0.1928
sphere,1.2401,0.2004
sphere,1.2477,0.2037
sphere,1.2553,0.2113
sphere,1.2630,0.2168
sphere,1.2706,0.2233
sphere,1.2782,0.2277
sphere,1.2858,0.2309
sphere,1.2934,0.2353
sphere,1.3011,0.2397
sphere,1.3087,0.2462
sphere,1.3163,0.2516
sphere,1.3239,0.2571
sphere,1.3316,0.2614
sphere,1.3392,0.2658
sphere,1.3468,0.2702
sphere,1.3544,0.2745
sphere,1.3620,0.2767
sphere,1.3697,0.2832
sphere,1.3773,0.2865
sphere,1.3849,0.2908
sphere,1.3925,0.2941
sphere,1.4002,0.3007
sphere,1.4078,0.3050
sphere,1.4154,0.3083
sphere,1.4230,0.3105
sphere,1.4306,0.3137
sphere,1.4383,0.3181
sphere,1.4459,0.3203
sphere,1.4535,0.3235
sphere,1.4611,0.3279
sphere,1.4688,0.3301
sphere,1.4764,0.3333
sphere,1.4840,0.3388
sphere,1.4916,0.3453
sphere,1.4992,0.3475
sphere,1.5069,0.3497
sphere,1.5145,0.3540
sphere,1.5221,0.3562
sphere,1.5297,0.3617
sphere,1.5373,0.3649
sphere,1.5450,0.3682
sphere,1.5526,0.3715
sphere,1.5602,0.3747
sphere,1.5678,0.3791
sphere,1.5755,0.3791
sphere,1.5831,0.3845
sphere,1.5907,0.3867
sphere,1.5983,0.3889
sphere,1.6059,0.3954
sphere,1.6136,0.3987
sphere,1.6212,0.4031
sphere,1.6288,0.4096
sphere,1.6364,0.4118
sphere,1.6441,0.4139
sphere,1.6517,0.4161
sphere,1.6593,0.4194
sphere,1.6669,0.4194
sphere,1.6745,0.4248
sphere,1.6822,0.4259
sphere,1.6898,0.4281
sphere,1.6974,0.4314
sphere,1.7050,0.4346
sphere,1.7127,0.4368
sphere,1.7203,0.4379
sphere,1.7279,0.4401
sphere,1.7355,0.4423
sphere,1.7431,0.4444
sphere,1.7508,0.4477
sphere,1.7584,0.4532
sphere,1.7660,0.4542
sphere,1.7736,0.4575
sphere,1.7812,0.4597
sphere,1.7889,0.4630
sphere,1.7965,0.4651
sphere,1.8041,0.4684
sphere,1.8117,0.4706
sphere,1.8194,0.4728
sphere,1.8270,0.4749
sphere,1.8346,0.4782
sphere,1.8422,0.4793
sphere,1.8498,0.4815
sphere,1.8575,0.4837
sphere,1.8651,0.4858
sphere,1.8727,0.4891
sphere,1.8803,0.4913
sphere,1.8880,0.4946
sphere,1.8956,0.4989
sphere,1.9032,0.5022
sphere,1.9108,0.5044
sphere,1.9184,0.5054
sphere,1.9261,0.5044
sphere,1.9337,0.5054
sphere,1.9413,0.5065
sphere,1.9489,0.5087
sphere,1.9566,0.5120
sphere,1.9642,0.5131
sphere,1.9718,0.5153
sphere,1.9794,0.5196
sphere,1.9870,0.5229
sphere,1.9947,0.5240
sphere,2.0023,0.5251
sphere,2.0099,0.5272
sphere,2.0175,0.5305
sphere,2.0252,0.5316
sphere,2.0328,0.5327
sphere,2.0404,0.5349
sphere,2.0480,0.5349
sphere,2.0556,0.5403
sphere,2.0633,0.5425
sphere,2.0709,0.5436
sphere,2.0785,0.5447
sphere,2.0861,0.5436
sphere,2.0938,0.5458
sphere,2.1014,0.5479
sphere,2.1090,0.5523
sphere,2.1166,0.5545
sphere,2.1242,0.5577
sphere,2.1319,0.5566
sphere,2.1395,0.5577
sphere,2.1471,0.5588
sphere,2.1547,0.5621
sphere,2.1623,0.5643
sphere,2.1700,0.5686
sphere,2.1776,0.5708
sphere,2.1852,0.5719
sphere,2.1928,0.5730
sphere,2.2005,0.5730
sphere,2.2081,0.5741
sphere,2.2157,0.5752
sphere,2.2233,0.5763
sphere,2.2309,0.5773
sphere,2.2386,0.5784
sphere,2.2462,0.5795
sphere,2.2538,0.5817
sphere,2.2614,0.5839
sphere,2.2691,0.5871
sphere,2.2767,0.5893
sphere,2.2843,0.5904
sphere,2.2919,0.5915
sphere,2.2995,0.5948
sphere,2.3072,0.5959
sphere,2.3148,0.5980
sphere,2.3224,0.5991
sphere,2.3300,0.5980
sphere,2.3377,0.5980
sphere,2.3453,0.6013
sphere,2.3529,0.6035
sphere,2.3605,0.6057
sphere,2.3681,0.6078
sphere,2.3758,0.6100
sphere,2.3834,0.6122
sphere,2.3910,0.6122
sphere,2.3986,0.6122
sphere,2.4062,0.6122
sphere,2.4139,0.6122
sphere,2.4215,0.6133
sphere,2.4291,0.6144
sphere,2.4367,0.6166
sphere,2.4444,0.6187
sphere,2.4520,0.6198
sphere,2.4596,0.6220
sphere,2.4672,0.6264
sphere,2.4748,0.6275
sphere,2.4825,0.6264
sphere,2.4901,0.6264
sphere,2.4977,0.6264
sphere,2.5053,0.6264
sphere,2.5130,0.6285
sphere,2.5206,0.6307
sphere,2.5282,0.6318
sphere,2.5358,0.6329
sphere,2.5434,0.6340
sphere,2.5511,0.6351
sphere,2.5587,0.6373
sphere,2.5663,0.6383
sphere,2.5739,0.6405
sphere,2.5816,0.6416
sphere,2.5892,0.6416
sphere,2.5968,0.6438
sphere,2.6044,0.6449
sphere,2.6120,0.6471
sphere,2.6197,0.6481
sphere,2.6273,0.6503
sphere,2.6349,0.6503
sphere,2.6425,0.6503
sphere,2.6502,0.6514
sphere,2.6578,0.6525
sphere,2.6654,0.6536
sphere,2.6730,0.6558
sphere,2.6806,0.6558
sphere,2.6883,0.6558
sphere,2.6959,0.6569
sphere,2.7035,0.6580
sphere,2.7111,0.6612
sphere,2.7188,0.6612
sphere,2.7264,0.6634
sphere,2.7340,0.6645
sphere,2.7416,0.6645
sphere,2.7492,0.6645
sphere,2.7569,0.6656
sphere,2.7645,0.6667
sphere,2.7721,0.6688
sphere,2.7797,0.6710
sphere,2.7873,0.6721
sphere,2.7950,0.6721
sphere,2.8026,0.6732
sphere,2.8102,0.6721
sphere,2.8178,0.6743
sphere,2.8255,0.6743
sphere,2.8331,0.6776
sphere,2.8407,0.6786
sphere,2.8483,0.6797
sphere,2.8559,0.6797
sphere,2.8636,0.6786
sphere,2.8712,0.6808
sphere,2.8788,0.6841
sphere,2.8864,0.6874
sphere,2.8941,0.6874
sphere,2.9017,0.6841
sphere,2.9093,0.6852
sphere,2.9169,0.6863
sphere,2.9245,0.6874
sphere,2.9322,0.6885
sphere,2.9398,0.6885
sphere,2.9474,0.6885
sphere,2.9550,0.6895
sphere,2.9627,0.6906
sphere,2.9703,0.6939
sphere,2.9779,0.6961
sphere,2.9855,0.6961
sphere,2.9931,0.6972
sphere,3.0008,0.6983
sphere,3.0084,0.6972
sphere,3.0160,0.6961
sphere,3.0236,0.6961
sphere,3.0312,0.6961
sphere,3.0389,0.6993
sphere,3.0465,0.7015
sphere,3.0541,0.7026
sphere,3.0617,0.7048
sphere,3.0694,0.7048
sphere,3.0770,0.7059
sphere,3.0846,0.7048
sphere,3.0922,0.7048
sphere,3.0998,0.7048
sphere,3.1075,0.7037
sphere,3.1151,0.7037
sphere,3.1227,0.7048
sphere,3.1303,0.7070
sphere,3.1380,0.7092
sphere,3.1456,0.7102
sphere,3.1532,0.7113
sphere,3.1608,0.7146
sphere,3.1684,0.7146
sphere,3.1761,0.7157
sphere,3.1837,0.7168
sphere,3.1913,0.7179
sphere,3.1989,0.7179
sphere,3.2066,0.7179
sphere,3.2142,0.7179
sphere,3.2218,0.7190
sphere,3.2294,0.7200
sphere,3.2370,0.7211
sphere,3.2447,0.7211
sphere,3.2523,0.7222
sphere,3.2599,0.7244
sphere,3.2675,0.7222
sphere,3.2752,0.7222
sphere,3.2828,0.7244
sphere,3.2904,0.7266
sphere,3.2980,0.7266
sphere,3.3056,0.7244
sphere,3.3133,0.7244
sphere,3.3209,0.7255
sphere,3.3285,0.7266
sphere,3.3361,0.7277
sphere,3.3438,0.7288
sphere,3.3514,0.7298
sphere,3.3590,0.7309
sphere,3.3666,0.7309
sphere,3.3742,0.7298
sphere,3.3819,0.7320
sphere,3.3895,0.7331
sphere,3.3971,0.7331
sphere,3.4047,0.7331
sphere,3.4123,0.7331
sphere,3.4200,0.7342
sphere,3.4276,0.7342
sphere,3.4352,0.7364
sphere,3.4428,0.7364
sphere,3.4505,0.7364
sphere,3.4581,0.7364
sphere,3.4657,0.7386
sphere,3.4733,0.7397
sphere,3.4809,0.7397
sphere,3.4886,0.7397
sphere,3.4962,0.7397
sphere,3.5038,0.7418
sphere,3.5114,0.7429
sphere,3.5191,0.7440
sphere,3.5267,0.7440
sphere,3.5343,0.7451
sphere,3.5419,0.7473
sphere,3.5495,0.7462
sphere,3.5572,0.7451
sphere,3.5648,0.7451
sphere,3.5724,0.7462
sphere,3.5800,0.7462
sphere,3.5877,0.7462
sphere,3.5953,0.7451
sphere,3.6029,0.7462
sphere,3.6105,0.7473
sphere,3.6181,0.7484
sphere,3.6258,0.7484
sphere,3.6334,0.7484
sphere,3.6410,0.7484
sphere,3.6486,0.7484
sphere,3.6562,0.7484
sphere,3.6639,0.7516
sphere,3.6715,0.7516
sphere,3.6791,0.7516
sphere,3.6867,0.7516
sphere,3.6944,0.7527
sphere,3.7020,0.7527
sphere,3.7096,0.7549
sphere,3.7172,0.7538
sphere,3.7248,0.7538
sphere,3.7325,0.7538
sphere,3.7401,0.7549
sphere,3.7477,0.7560
sphere,3.7553,0.7571
sphere,3.7630,0.7571
sphere,3.7706,0.7582
sphere,3.7782,0.7593
sphere,3.7858,0.7582
sphere,3.8239,0.7614
sphere,3.8316,0.7614
sphere,3.8392,0.7614
sphere,3.8468,0.7603
sphere,3.8544,0.7603
sphere,3.8620,0.7603
sphere,3.8697,0.7614
sphere,3.8773,0.7614
sphere,3.8849,0.7767
sphere,3.8925,0.7767
sphere,3.9002,0.7778
sphere,3.9078,0.7636
sphere,3.9154,0.7636
sphere,3.9230,0.7647
sphere,3.9306,0.7658
sphere,3.9383,0.7669
sphere,3.9459,0.7669
sphere,3.9535,0.7680
sphere,3.9611,0.7691
sphere,3.9688,0.7702
sphere,3.9764,0.7680
sphere,3.9840,0.7669
sphere,3.9916,0.7680
sphere,3.9992,0.7680
sphere,4.0069,0.7702
sphere,4.0145,0.7854
sphere,4.0221,0.7854
sphere,4.0297,0.7854
sphere,4.0450,0.7702
sphere,4.0526,0.7712
sphere,4.0602,0.7723
sphere,4.0831,0.7898
sphere,4.0907,0.7887
sphere,4.0983,0.7898
sphere,4.1059,0.7898
sphere,4.1364,0.7767
sphere,4.1441,0.7778
sphere,4.1517,0.7789
sphere,4.1593,0.7778
sphere,4.1669,0.7778
sphere,4.1745,0.7930
sphere,4.1822,0.7930
sphere,4.1898,0.7930
sphere,4.1974,0.7941
sphere,4.2050,0.7941
sphere,4.2127,0.7952
sphere,4.2203,0.7963
sphere,4.2355,0.7952
sphere,4.2431,0.7963
sphere,4.2508,0.7974
sphere,4.2584,0.7974
sphere,4.2660,0.7974
sphere,4.2736,0.7985
sphere,4.2812,0.7974
sphere,4.2889,0.7963
sphere,4.3041,0.7963
sphere,4.3117,0.7974
sphere,4.3194,0.7974
sphere,4.3270,0.7996
sphere,4.3346,0.8017
sphere,4.3422,0.8028
sphere,4.3498,0.8028
sphere,4.3575,0.8028
sphere,4.3651,0.8017
sphere,4.3727,0.8028
sphere,4.3803,0.8028
sphere,4.3880,0.8028
sphere,4.3956,0.8017
sphere,4.4032,0.8028
sphere,4.4108,0.8028
sphere,4.4184,0.8028
sphere,4.4261,0.8039
sphere,4.4337,0.8039
sphere,4.4413,0.8050
sphere,4.4489,0.8050
sphere,4.4566,0.8072
sphere,4.4642,0.8083
sphere,4.4718,0.8094
sphere,4.4794,0.8094
sphere,4.4870,0.8072
sphere,4.4947,0.8072
sphere,4.5023,0.8072
sphere,4.5099,0.8072
sphere,4.5175,0.8083
sphere,4.5252,0.8083
sphere,4.5328,0.8083
sphere,4.5404,0.8094
sphere,4.5480,0.8094
sphere,4.5556,0.8115
sphere,4.5633,0.8137
sphere,4.5709,0.8148
sphere,4.5785,0.8148
sphere,4.5861,0.8126
sphere,4.5938,0.8115
sphere,4.6014,0.8115
sphere,4.6090,0.8126
sphere,4.6166,0.8137
sphere,4.6242,0.8137
sphere,4.6395,0.8137
sphere,4.6471,0.8148
sphere,4.6547,0.8159
sphere,4.6623,0.8159
sphere,4.6700,0.8159
sphere,4.6776,0.8170
sphere,4.6852,0.8181
sphere,4.6928,0.8181
sphere,4.7005,0.8192
sphere,4.7081,0.8181
sphere,4.7157,0.8181
sphere,4.7233,0.8181
sphere,4.7309,0.8203
sphere,4.7386,0.8203
sphere,4.7462,0.8214
sphere,4.7538,0.8203
sphere,4.7614,0.8203
sphere,4.7767,0.8203
sphere,4.7843,0.8214
sphere,4.7919,0.8214
sphere,4.7995,0.8203
sphere,4.8072,0.8203
sphere,4.8148,0.8203
sphere,4.8224,0.8214
sphere,4.8300,0.8235
sphere,4.8377,0.8246
sphere,4.8453,0.8246
sphere,4.8529,0.8246
sphere,4.8605,0.8257
sphere,4.8681,0.8257
sphere,4.8758,0.8257
sphere,4.9062,0.8257
sphere,4.9139,0.8257
sphere,4.9215,0.8279
sphere,4.9291,0.8279
sphere,4.9367,0.8279
sphere,4.9444,0.8290
sphere,4.9520,0.8301
sphere,4.9672,0.8148
sphere,4.9748,0.8148
sphere,4.9825,0.8148
sphere,4.9901,0.8159
sphere,4.9977,0.8322
sphere,5.0053,0.8322
sphere,5.0130,0.8333
sphere,5.0206,0.8333
sphere,5.0282,0.8333
sphere,5.0358,0.8203
sphere,5.0434,0.8192
sphere,5.0511,0.8355
sphere,5.0587,0.8355
sphere,5.0663,0.8344
sphere,5.0816,0.8333
sphere,5.0968,0.8224
sphere,5.1044,0.8224
sphere,5.1120,0.8235
sphere,5.1197,0.8235
sphere,5.1273,0.8246
sphere,5.1349,0.8257
sphere,5.1425,0.8268
sphere,5.1502,0.8257
sphere,5.1578,0.8257
sphere,5.1654,0.8257
sphere,5.1730,0.8257
sphere,5.1806,0.8268
sphere,5.1883,0.8268
sphere,5.1959,0.8268
sphere,5.2035,0.8268
sphere,5.2111,0.8333
sphere,5.2188,0.8268
sphere,5.2264,0.8257
sphere,5.2340,0.8279
sphere,5.2416,0.8279
sphere,5.2492,0.8301
sphere,5.2569,0.8301
sphere,5.2645,0.8312
sphere,5.2721,0.8442
sphere,5.2797,0.8301
sphere,5.2873,0.8301
sphere,5.2950,0.8290
sphere,5.3026,0.8301
sphere,5.3102,0.8322
sphere,5.3178,0.8322
sphere,5.3255,0.8322
sphere,5.3331,0.8322
sphere,5.3407,0.8322
sphere,5.3483,0.8322
sphere,5.3559,0.8333
sphere,5.3636,0.8333
sphere,5.3712,0.8355
sphere,5.3788,0.8355
sphere,5.3864,0.8344
sphere,5.3941,0.8344
sphere,5.4017,0.8355
sphere,5.4093,0.8355
sphere,5.4169,0.8344
sphere,5.4245,0.8355
sphere,5.4322,0.8377
sphere,5.4398,0.8377
sphere,5.4474,0.8366
sphere,5.4550,0.8388
sphere,5.4627,0.8388
sphere,5.4703,0.8388
sphere,5.4779,0.8388
sphere,5.4855,0.8388
sphere,5.4931,0.8388
sphere,5.5008,0.8399
sphere,5.5084,0.8420
cell,1.0343,0.5054
cell,1.0419,0.5054
cell,1.0495,0.5044
cell,1.0572,0.5054
cell,1.0648,0.5054
cell,1.0724,0.5076
cell,1.0800,0.5087
cell,1.0877,0.5098
cell,1.0953,0.5098
cell,1.1029,0.5120
cell,1.1105,0.5153
cell,1.1181,0.5174
cell,1.1258,0.5185
cell,1.1334,0.5207
cell,1.1410,0.5218
cell,1.1486,0.5229
cell,1.1562,0.5251
cell,1.1639,0.5251
cell,1.1715,0.5229
cell,1.1791,0.5251
cell,1.1867,0.5272
cell,1.1944,0.5294
cell,1.2020,0.5305
cell,1.2096,0.5327
cell,1.2172,0.5349
cell,1.2248,0.5359
cell,1.2325,0.5370
cell,1.2401,0.5392
cell,1.2477,0.5403
cell,1.2553,0.5425
cell,1.2630,0.5425
cell,1.2706,0.5447
cell,1.2782,0.5436
cell,1.2858,0.5436
cell,1.2934,0.5447
cell,1.3011,0.5458
cell,1.3087,0.5479
cell,1.3163,0.5490
cell,1.3239,0.5501
cell,1.3316,0.5523
cell,1.3392,0.5534
cell,1.3468,0.5556
cell,1.3544,0.5566
cell,1.3620,0.5577
cell,1.3697,0.5588
cell,1.3773,0.5599
cell,1.3849,0.5610
cell,1.3925,0.5610
cell,1.4002,0.5621
cell,1.4078,0.5632
cell,1.4154,0.5654
cell,1.4230,0.5654
cell,1.4306,0.5643
cell,1.4383,0.5675
cell,1.4459,0.5697
cell,1.4535,0.5708
cell,1.4611,0.5730
cell,1.4688,0.5730
cell,1.4764,0.5741
cell,1.4840,0.5741
cell,1.4916,0.5763
cell,1.4992,0.5773
cell,1.5069,0.5795
cell,1.5145,0.5806
cell,1.5221,0.5828
cell,1.5297,0.5839
cell,1.5373,0.5850
cell,1.5450,0.5839
cell,1.5526,0.5850
cell,1.5602,0.5861
cell,1.5678,0.5871
cell,1.5755,0.5871
cell,1.5831,0.5882
cell,1.5907,0.5904
cell,1.5983,0.5926
cell,1.6059,0.5926
cell,1.6136,0.5926
cell,1.6212,0.5937
cell,1.6288,0.5948
cell,1.6364,0.5948
cell,1.6441,0.5959
cell,1.6517,0.5969
cell,1.6593,0.5980
cell,1.6669,0.6002
cell,1.6745,0.6002
cell,1.6822,0.6024
cell,1.6898,0.6035
cell,1.6974,0.6046
cell,1.7050,0.6068
cell,1.7127,0.6068
cell,1.7203,0.6078
cell,1.7279,0.6100
cell,1.7355,0.6122
cell,1.7431,0.6111
cell,1.7508,0.6111
cell,1.7584,0.6133
cell,1.7660,0.6144
cell,1.7736,0.6155
cell,1.7812,0.6166
cell,1.7889,0.6166
cell,1.7965,0.6176
cell,1.8041,0.6198
cell,1.8117,0.6198
cell,1.8194,0.6198
cell,1.8270,0.6198
cell,1.8346,0.6209
cell,1.8422,0.6220
cell,1.8498,0.6231
cell,1.8575,0.6231
cell,1.8651,0.6264
cell,1.8727,0.6264
cell,1.8803,0.6264
cell,1.8880,0.6264
cell,1.8956,0.6275
cell,1.9032,0.6285
cell,1.9108,0.6285
cell,1.9184,0.6296
cell,1.9261,0.6307
cell,1.9337,0.6329
cell,1.9413,0.6340
cell,1.9489,0.6362
cell,1.9566,0.6362
cell,1.9642,0.6362
cell,1.9718,0.6362
cell,1.9794,0.6362
cell,1.9870,0.6373
cell,1.9947,0.6383
cell,2.0023,0.6405
cell,2.0099,0.6427
cell,2.0175,0.6438
cell,2.0252,0.6449
cell,2.0328,0.6460
cell,2.0404,0.6460
cell,2.0480,0.6460
cell,2.0556,0.6471
cell,2.0633,0.6492
cell,2.0709,0.6492
cell,2.0785,0.6492
cell,2.0861,0.6492
cell,2.0938,0.6514
cell,2.1014,0.6503
cell,2.1090,0.6514
cell,2.1166,0.6525
cell,2.1242,0.6536
cell,2.1319,0.6536
cell,2.1395,0.6558
cell,2.1471,0.6558
cell,2.1547,0.6569
cell,2.1623,0.6569
cell,2.1700,0.6580
cell,2.1776,0.6590
cell,2.1852,0.6601
cell,2.1928,0.6601
cell,2.2005,0.6601
cell,2.2081,0.6612
cell,2.2157,0.6623
cell,2.2233,0.6645
cell,2.2309,0.6645
cell,2.2386,0.6656
cell,2.2462,0.6656
cell,2.2538,0.6656
cell,2.2614,0.6678
cell,2.2691,0.6678
cell,2.2767,0.6688
cell,2.2843,0.6688
cell,2.2919,0.6699
cell,2.2995,0.6710
cell,2.3072,0.6732
cell,2.3148,0.6732
cell,2.3224,0.6721
cell,2.3300,0.6732
cell,2.3377,0.6743
cell,2.3453,0.6754
cell,2.3529,0.6754
cell,2.3605,0.6754
cell,2.3681,0.6754
cell,2.3758,0.6765
cell,2.3834,0.6776
cell,2.3910,0.6797
cell,2.3986,0.6797
cell,2.4062,0.6808
cell,2.4139,0.6819
cell,2.4215,0.6830
cell,2.4291,0.6830
cell,2.4367,0.6841
cell,2.4444,0.6841
cell,2.4520,0.6841
cell,2.4596,0.6852
cell,2.4672,0.6863
cell,2.4748,0.6885
cell,2.4825,0.6885
cell,2.4901,0.6895
cell,2.4977,0.6895
cell,2.5053,0.6917
cell,2.5130,0.6917
cell,2.5206,0.6917
cell,2.5282,0.6906
cell,2.5358,0.6906
cell,2.5434,0.6928
cell,2.5511,0.6928
cell,2.5587,0.6917
cell,2.5663,0.6917
cell,2.5739,0.6917
cell,2.5816,0.6939
cell,2.5892,0.6961
cell,2.5968,0.6972
cell,2.6044,0.6972
cell,2.6120,0.6972
cell,2.6197,0.6993
cell,2.6273,0.6983
cell,2.6349,0.6972
cell,2.6425,0.6972
cell,2.6502,0.6983
cell,2.6578,0.6993
cell,2.6654,0.7015
cell,2.6730,0.7015
cell,2.6806,0.7026
cell,2.6883,0.7026
cell,2.6959,0.7026
cell,2.7035,0.7015
cell,2.7111,0.7037
cell,2.7188,0.7037
cell,2.7264,0.7059
cell,2.7340,0.7070
cell,2.7416,0.7092
cell,2.7492,0.7092
cell,2.7569,0.7092
cell,2.7645,0.7092
cell,2.7721,0.7102
cell,2.7797,0.7113
cell,2.7873,0.7113
cell,2.7950,0.7113
cell,2.8026,0.7124
cell,2.8102,0.7146
cell,2.8178,0.7146
cell,2.8255,0.7146
cell,2.8331,0.7135
cell,2.8407,0.7146
cell,2.8483,0.7157
cell,2.8559,0.7168
cell,2.8636,0.7168
cell,2.8712,0.7168
cell,2.8788,0.7190
cell,2.8864,0.7190
cell,2.8941,0.7200
cell,2.9017,0.7200
cell,2.9093,0.7200
cell,2.9169,0.7200
cell,2.9245,0.7200
cell,2.9322,0.7211
cell,2.9398,0.7222
cell,2.9474,0.7222
cell,2.9550,0.7222
cell,2.9627,0.7211
cell,2.9703,0.7222
cell,2.9779,0.7222
cell,2.9855,0.7233
cell,2.9931,0.7233
cell,3.0008,0.7244
cell,3.0084,0.7255
cell,3.0160,0.7266
cell,3.0236,0.7266
cell,3.0312,0.7277
cell,3.0389,0.7288
cell,3.0465,0.7288
cell,3.0541,0.7288
cell,3.0617,0.7288
cell,3.0694,0.7298
cell,3.0770,0.7288
cell,3.0846,0.7288
cell,3.0922,0.7298
cell,3.0998,0.7309
cell,3.1075,0.7320
cell,3.1151,0.7331
cell,3.1227,0.7331
cell,3.1303,0.7331
cell,3.1380,0.7331
cell,3.1456,0.7342
cell,3.1532,0.7342
cell,3.1608,0.7353
cell,3.1684,0.7342
cell,3.1761,0.7353
cell,3.1837,0.7364
cell,3.1913,0.7375
cell,3.1989,0.7375
cell,3.2066,0.7364
cell,3.2142,0.7364
cell,3.2218,0.7386
cell,3.2294,0.7386
cell,3.2370,0.7386
cell,3.2447,0.7386
cell,3.2523,0.7386
cell,3.2599,0.7397
cell,3.2675,0.7397
cell,3.2752,0.7407
cell,3.2828,0.7418
cell,3.2904,0.7429
cell,3.2980,0.7429
cell,3.3056,0.7440
cell,3.3133,0.7440
cell,3.3209,0.7440
cell,3.3285,0.7440
cell,3.3361,0.7440
cell,3.3438,0.7451
cell,3.3514,0.7440
cell,3.3590,0.7440
cell,3.3666,0.7451
cell,3.3742,0.7462
cell,3.3819,0.7473
cell,3.3895,0.7484
cell,3.3971,0.7495
cell,3.4047,0.7495
cell,3.4123,0.7495
cell,3.4200,0.7495
cell,3.4276,0.7495
cell,3.4352,0.7505
cell,3.4428,0.7505
cell,3.4505,0.7495
cell,3.4581,0.7495
cell,3.4657,0.7505
cell,3.4733,0.7516
cell,3.4809,0.7527
cell,3.4886,0.7527
cell,3.4962,0.7549
cell,3.5038,0.7560
cell,3.5114,0.7560
cell,3.5191,0.7549
cell,3.5267,0.7549
cell,3.5343,0.7560
cell,3.5419,0.7571
cell,3.5495,0.7582
cell,3.5572,0.7582
cell,3.5648,0.7571
cell,3.5724,0.7560
cell,3.5800,0.7549
cell,3.5877,0.7560
cell,3.5953,0.7582
cell,3.6029,0.7593
cell,3.6105,0.7582
cell,3.6181,0.7582
cell,3.6258,0.7582
cell,3.6334,0.7593
cell,3.6410,0.7593
cell,3.6486,0.7593
cell,3.6562,0.7582
cell,3.6639,0.7593
cell,3.6715,0.7614
cell,3.6791,0.7614
cell,3.6867,0.7603
cell,3.6944,0.7614
cell,3.7020,0.7625
cell,3.7096,0.7636
cell,3.7172,0.7636
cell,3.7248,0.7636
cell,3.7325,0.7636
cell,3.7401,0.7647
cell,3.7477,0.7658
cell,3.7553,0.7658
cell,3.7630,0.7680
cell,3.7706,0.7680
cell,3.7782,0.7680
cell,3.7858,0.7669
cell,3.7934,0.7658
cell,3.8011,0.7669
cell,3.8087,0.7669
cell,3.8163,0.7691
cell,3.8239,0.7691
cell,3.8316,0.7691
cell,3.8392,0.7680
cell,3.8468,0.7691
cell,3.8544,0.7702
cell,3.8620,0.7702
cell,3.8697,0.7702
cell,3.8773,0.7691
cell,3.8849,0.7691
cell,3.8925,0.7702
cell,3.9002,0.7702
cell,3.9078,0.7712
cell,3.9154,0.7723
cell,3.9230,0.7745
cell,3.9306,0.7756
cell,3.9383,0.7778
cell,3.9459,0.7767
cell,3.9535,0.7767
cell,3.9611,0.7767
cell,3.9688,0.7767
cell,3.9764,0.7767
cell,3.9840,0.7756
cell,3.9916,0.7767
cell,3.9992,0.7778
cell,4.0069,0.7778
cell,4.0145,0.7778
cell,4.0221,0.7778
cell,4.0297,0.7778
cell,4.0373,0.7778
cell,4.0450,0.7778
cell,4.0526,0.7789
cell,4.0602,0.7800
cell,4.0678,0.7810
cell,4.0755,0.7821
cell,4.0831,0.7810
cell,4.0907,0.7800
cell,4.0983,0.7800
cell,4.1059,0.7810
cell,4.1136,0.7821
cell,4.1212,0.7821
cell,4.1288,0.7832
cell,4.1364,0.7854
cell,4.1441,0.7865
cell,4.1517,0.7865
cell,4.1593,0.7865
cell,4.1669,0.7865
cell,4.1745,0.7843
cell,4.1822,0.7832
cell,4.1898,0.7821
cell,4.1974,0.7832
cell,4.2050,0.7843
cell,4.2127,0.7865
cell,4.2203,0.7865
cell,4.2279,0.7865
cell,4.2355,0.7865
cell,4.2431,0.7865
cell,4.2508,0.7876
cell,4.2584,0.7887
cell,4.2660,0.7898
cell,4.2736,0.7898
cell,4.2812,0.7898
cell,4.2889,0.7898
cell,4.2965,0.7898
cell,4.3041,0.7898
cell,4.3117,0.7898
cell,4.3194,0.7898
cell,4.3270,0.7919
cell,4.3346,0.7930
cell,4.3422,0.7930
cell,4.3498,0.7930
cell,4.3575,0.7919
cell,4.3651,0.7908
cell,4.3727,0.7919
cell,4.3803,0.7919
cell,4.3880,0.7930
cell,4.3956,0.7930
cell,4.4032,0.7941
cell,4.4108,0.7941
cell,4.4184,0.7941
cell,4.4261,0.7941
cell,4.4337,0.7952
cell,4.4413,0.7952
cell,4.4489,0.7963
cell,4.4566,0.7974
cell,4.4642,0.7996
cell,4.4718,0.7996
cell,4.4794,0.7985
cell,4.4870,0.7985
cell,4.4947,0.7985
cell,4.5023,0.7985
cell,4.5099,0.7985
cell,4.5175,0.7985
cell,4.5252,0.7996
cell,4.5328,0.8007
cell,4.5404,0.8007
cell,4.5480,0.7996
cell,4.5556,0.8007
cell,4.5633,0.8017
cell,4.5709,0.8028
cell,4.5785,0.8017
cell,4.5861,0.8007
cell,4.5938,0.8007
cell,4.6014,0.8028
cell,4.6090,0.8039
cell,4.6166,0.8050
cell,4.6242,0.8061
cell,4.6319,0.8072
cell,4.6395,0.8072
cell,4.6471,0.8061
cell,4.6547,0.8061
cell,4.6623,0.8083
cell,4.6700,0.8072
cell,4.6776,0.8072
cell,4.6852,0.8083
cell,4.6928,0.8083
cell,4.7005,0.8072
cell,4.7081,0.8072
cell,4.7157,0.8083
cell,4.7233,0.8094
cell,4.7309,0.8094
cell,4.7386,0.8105
cell,4.7462,0.8105
cell,4.7538,0.8105
cell,4.7614,0.8115
cell,4.7691,0.8126
cell,4.7767,0.8137
cell,4.7843,0.8126
cell,4.7919,0.8126
cell,4.7995,0.8115
cell,4.8072,0.8115
cell,4.8148,0.8115
cell,4.8224,0.8115
cell,4.8300,0.8126
cell,4.8377,0.8148
cell,4.8453,0.8170
cell,4.8529,0.8170
cell,4.8605,0.8181
cell,4.8681,0.8181
cell,4.8758,0.8181
cell,4.8834,0.8192
cell,4.8910,0.8192
cell,4.8986,0.8192
cell,4.9062,0.8170
cell,4.9139,0.8170
cell,4.9215,0.8170
cell,4.9291,0.8192
cell,4.9367,0.8203
cell,4.9444,0.8203
cell,4.9520,0.8214
cell,4.9596,0.8235
cell,4.9672,0.8235
cell,4.9748,0.8246
cell,4.9825,0.8235
cell,4.9901,0.8235
cell,4.9977,0.8246
cell,5.0053,0.8246
cell,5.0130,0.8257
cell,5.0206,0.8268
cell,5.0282,0.8268
cell,5.0358,0.8268
cell,5.0434,0.8279
cell,5.0511,0.8268
cell,5.0587,0.8257
cell,5.0663,0.8257
cell,5.0739,0.8268
cell,5.0816,0.8268
cell,5.0892,0.8279
cell,5.0968,0.8301
cell,5.1044,0.8312
cell,5.1120,0.8312
cell,5.1197,0.8322
cell,5.1273,0.8333
cell,5.1349,0.8333
cell,5.1425,0.8355
cell,5.1502,0.8344
cell,5.1578,0.8333
cell,5.1654,0.8333
cell,5.1730,0.8333
cell,5.1806,0.8344
cell,5.1883,0.8344
cell,5.1959,0.8344
cell,5.2035,0.8333
cell,5.2111,0.8333
cell,5.2188,0.8344
cell,5.2264,0.8344
cell,5.2340,0.8355
cell,5.2416,0.8366
cell,5.2492,0.8377
cell,5.2569,0.8377
cell,5.2645,0.8377
cell,5.2721,0.8377
cell,5.2797,0.8377
cell,5.2873,0.8377
cell,5.2950,0.8388
cell,5.3026,0.8388
cell,5.3102,0.8399
cell,5.3178,0.8399
cell,5.3255,0.8410
cell,5.3331,0.8420
cell,5.3407,0.8420
cell,5.3483,0.8420
cell,5.3559,0.8420
cell,5.3636,0.8442
cell,5.3712,0.8453
cell,5.3788,0.8464
cell,5.3864,0.8464
cell,5.3941,0.8475
cell,5.4017,0.8475
cell,5.4093,0.8475
cell,5.4169,0.8475
cell,5.4245,0.8486
cell,5.4322,0.8486
cell,5.4398,0.8497
cell,5.4474,0.8508
cell,5.4550,0.8508
cell,5.4627,0.8508
cell,5.4703,0.8508
cell,5.4779,0.8508
cell,5.4855,0.8508
cell,5.4931,0.8519
cell,5.5008,0.8529
cell,5.5084,0.8529
